{"per_class": {"CERT": [1.0, 1.0, 1.0, 12, 12], "DEGREE": [0.7419354838709677, 0.7931034482758621, 0.7666666666666667, 29, 31], "EMPLOYER": [0.6333333333333333, 0.5428571428571428, 0.5846153846153846, 35, 30], "INDUSTRY": [0.16666666666666666, 0.5, 0.25, 2, 6], "LOCATION": [0, 0.0, 0, 2, 0], "SKILL": [0.5492957746478874, 0.5571428571428572, 0.5531914893617021, 70, 71], "SOFT_SKILL": [0.5, 0.25, 0.3333333333333333, 4, 2], "TOOL": [0.8636363636363636, 0.8636363636363636, 0.8636363636363636, 22, 22], "YEARS_EXP": [0.6842105263157895, 0.5416666666666666, 0.6046511627906976, 24, 19]}, "micro_f1": 0.6463104325699746, "macro_f1": 0.5506771556004609, "n_eval": 25}